{"cameraMode":{"drawMode":0,"name":"Shaded","section":"Shading Mode"},"sceneLighting":false,"audioPlay":false,"sceneViewState":{"showFog":false,"showMaterialUpdate":false,"showSkybox":false,"showFlares":false,"showImageEffects":false,"showParticleSystems":false},"in2DMode":false,"pivot":{"x":26.108116149902345,"y":17.237701416015626,"z":-8.187577247619629},"rotation":{"x":0.24122758209705354,"y":-0.5258113741874695,"z":0.15852050483226777,"w":0.8001528382301331},"size":1.2247449159622193,"orthographic":false}