{"cameraMode":{"drawMode":0,"name":"Shaded","section":"Shading Mode"},"sceneLighting":false,"audioPlay":false,"sceneViewState":{"showFog":false,"showMaterialUpdate":false,"showSkybox":false,"showFlares":false,"showImageEffects":false,"showParticleSystems":false},"in2DMode":false,"pivot":{"x":-3.4206440448760988,"y":3.851870536804199,"z":-1.2397693395614625},"rotation":{"x":-0.14041432738304139,"y":-0.7276131510734558,"z":0.15646244585514069,"w":-0.6529827117919922},"size":1.2247449159622193,"orthographic":false}