{"cameraMode":{"drawMode":0,"name":"Shaded","section":"Shading Mode"},"sceneLighting":true,"audioPlay":false,"sceneViewState":{"showFog":false,"showMaterialUpdate":false,"showSkybox":false,"showFlares":false,"showImageEffects":false,"showParticleSystems":false},"in2DMode":false,"pivot":{"x":10.297791481018067,"y":-1.1199612617492676,"z":-3.812643051147461},"rotation":{"x":0.21901340782642365,"y":-0.3228949308395386,"z":0.07707039266824722,"w":0.9175388813018799},"size":7.071067810058594,"orthographic":false}