{"cameraMode":{"drawMode":0,"name":"Shaded","section":"Shading Mode"},"sceneLighting":false,"audioPlay":false,"sceneViewState":{"showFog":false,"showMaterialUpdate":false,"showSkybox":false,"showFlares":false,"showImageEffects":false,"showParticleSystems":false},"in2DMode":false,"pivot":{"x":-8.056879997253418,"y":9.720367431640625,"z":-15.535163879394532},"rotation":{"x":0.26919203996658327,"y":0.32166820764541628,"z":-0.09592341631650925,"w":0.902703583240509},"size":1.2247449159622193,"orthographic":false}